Workbook

Sheet Tests
A1: ID_Test | B1: Catégorie | C1: Exigence liée | D1: Fonctionnalité | E1: Description | F1: Mode | G1: Pré-requis | H1: Données entrée | I1: Résultat attendu | J1: Résultat obtenu | K1: Statut | L1: Sévérité | M1: Testeur | N1: Date | O1: Commentaires
A2: T-001 | B2: IHM | C2: REQ-IHM-01 | D2: Démarrage de l'application | E2: Démarrer l'application : 4 onglets principaux (📁/🔍/📜/⚙️) + barre d'état « Prêt » | F2: Manuel | G2: Exécutable compilé | H2: — | I2: Bandeau de 4 onglets, fenêtre 1200×800, panneau Organisation affiche lui-même 4 onglets internes (v2.3) | K2: À faire | L2: Bloquant
A3: T-002 | B3: IHM | C3: REQ-IHM-02 | D3: Navigation onglets | E3: Ctrl+1..4 navigue entre onglets, F1 ouvre À propos | F3: Manuel | G3: T-001 OK | H3: — | I3: Onglet actif change ; modale About s'ouvre | K3: À faire | L3: Majeur
A4: T-003 | B4: IHM | C4: REQ-IHM-03 | D4: Bouton thème ☀️/🌙 | E4: Clic bascule entre clair/sombre | F4: Manuel | G4: T-001 OK | H4: — | I4: Frames et boutons changent de couleur | K4: À faire | L4: Mineur
A5: T-004 | B5: IHM | C5: REQ-IHM-04 | D5: minsize fenêtre | E5: Réduire la fenêtre à 800×550 | F5: Manuel | G5: T-001 OK | H5: — | I5: Tous les boutons restent atteignables, scroll central activé si besoin | K5: À faire | L5: Majeur
A6: T-005 | B6: IHM | C6: REQ-IHM-05 | D6: Tooltips bouton Organiser | E6: Survoler 600 ms le bouton 🚀 Organiser | F6: Manuel | G6: T-001 OK | H6: — | I6: Info-bulle FR apparaît avec description action+effet | K6: À faire | L6: Mineur
A7: T-006 | B7: IHM | C7: REQ-IHM-06 | D7: Sticky bottom Organisation | E7: Fenêtre 1200×800 + déplier Avancé | F7: Manuel | G7: T-001 OK | H7: — | I7: Boutons d'action restent visibles, scroll central scrollable | K7: À faire | L7: Majeur
A8: T-007 | B8: IHM | C8: REQ-IHM-07 | D8: Onglet Filtrer accessible | E8: Cliquer l'onglet 🔍 Filtrer dans le bandeau d'onglets interne du panneau Organisation | F8: Manuel | G8: T-001 OK | H8: — | I8: Contenu Filtres visible, filtres date/taille/note/mots-clés accessibles (refonte v2.3 — remplace l'ancien bouton ▶ Avancé) | K8: À faire | L8: Majeur
A9: T-008 | B9: IHM | C9: REQ-IHM-08 | D9: Onglet Renommer accessible | E9: Cliquer l'onglet 🏷 Renommer dans le bandeau d'onglets interne du panneau Organisation | F9: Manuel | G9: T-001 OK | H9: — | I9: Contenu Renommer visible, exemples cliquables présents (refonte v2.3 — remplace l'ancien bouton Renommage repliable) | K9: À faire | L9: Mineur
A10: T-009 | B10: IHM | C10: REQ-IHM-09 | D10: Sidebar Doublons largeur ≥ 500 | E10: Onglet Doublons : vérif options non tronquées | F10: Manuel | G10: T-001 OK | H10: — | I10: Tous champs/cases lisibles sans scroll horizontal | K10: À faire | L10: Mineur
A11: T-010 | B11: IHM | C11: REQ-IHM-10 | D11: Compteur fichiers temps réel | E11: Sélectionner source nominal | F11: Manuel | G11: T-001 OK | H11: input_nominal/ | I11: Label « 📂 N fichier(s) prêt(s) » mis à jour < 2 s | K11: À faire | L11: Majeur
A12: T-011 | B12: IHM | C12: REQ-IHM-11 | D12: Sources multiples via + | E12: Cliquer + Source 2 fois sur 2 dossiers différents | F12: Manuel | G12: T-001 OK | H12: input_nominal/ + input_nominal_2/ | I12: Source field contient 'p1;p2', compteur cumule | K12: À faire | L12: Mineur
A13: T-012 | B13: IHM | C13: REQ-IHM-12 | D13: Drag & drop dossier | E13: Glisser un dossier depuis explorateur sur champ Source | F13: Manuel | G13: tkinterdnd2 OK | H13: input_nominal/ | I13: Champ Source mis à jour avec chemin | K13: À faire | L13: Mineur
... A51: T-050 | B51: Paramètres | C51: REQ-PRM-20 | D51: Récupération après configuration corrompue | E51: Modifier manuellement config.json (clé invalide) | F51: Manuel | G51: T-001 OK | H51: Configuration corrompue | I51: L'application démarre avec les valeurs par défaut + avertissement dans le journal | K51: À faire | L51: Majeur
A52: T-051 | B52: Entrées | C52: REQ-ENT-01 | D52: Cas nominal — 50 photos | E52: Lancer l'organisation sur le dossier nominal | F52: Auto | G52: T-001 OK | H52: input_nominal/ (50 .jpg) | I52: Tous traités : 50/50 fichiers traités, 0 erreur | J52: run_tests.py : 0 erreur ; références conformes | K52: OK | L52: Bloquant | M52: Claude (campagne auto) | N52: 2026-06-12
A53: T-052 | B53: Entrées | C53: REQ-ENT-02 | D53: input_vide | E53: Lancer organisation sur dossier vide | F53: Auto | G53: T-001 OK | H53: input_vide/ (0 fichier) | I53: Message 'Aucun fichier trouvé', 0 op | J53: run_tests.py : 0 erreur ; références conformes | K53: OK | L53: Majeur | M53: Claude (campagne auto) | N53: 2026-06-12
A54: T-053 | B54: Entrées | C54: REQ-ENT-03 | D54: input_volumineux 1000 photos | E54: Lancer organisation sur 1000 photos | F54: Auto | G54: T-001 OK | H54: input_volumineux/ (1000 .jpg) | I54: Pas de freeze IHM, progress 0→100%, < 60 s | J54: run_tests.py : 0 erreur ; références conformes | K54: OK | L54: Majeur | M54: Claude (campagne auto) | N54: 2026-06-12
A55: T-054 | B55: Entrées | C55: REQ-ENT-04 | D55: input_mauvais_format | E55: Source contient .txt, .pdf, .docx | F55: Manuel | G55: T-001 OK | H55: input_mauvais_format/ | I55: Filtrés par extensions, 0 photo traitée | K55: À faire | L55: Mineur
A56: T-055 | B56: Entrées | C56: REQ-ENT-05 | D56: input_caracteres_speciaux | E56: Noms avec accents, emojis, μ, Ω, ± | F56: Auto | G56: T-001 OK | H56: input_caracteres_speciaux/ | I56: Sanitization OK, pas de crash, noms valides | J56: run_tests.py : 0 erreur ; références conformes | K56: OK | L56: Majeur | M56: Claude (campagne auto) | N56: 2026-06-12
A57: T-056 | B57: Entrées | C57: REQ-ENT-06 | D57: Fichier JPG corrompu (tronqué) | E57: Photo JPG dont les 50 % derniers octets manquent | F57: Auto | G57: T-001 OK | H57: input_corrompu/ | I57: Ignoré avec avertissement dans le journal, 1 erreur, autres fichiers traités | J57: run_tests.py : 0 erreur ; références conformes | K57: OK | L57: Majeur | M57: Claude (campagne auto) | N57: 2026-06-12
A58: T-057 | B58: Entrées | C58: REQ-ENT-07 | D58: input_gps_piexif rationnels | E58: Photos avec EXIF GPS encodé piexif ((48,1)(51,1)(24,1)) | F58: Auto | G58: T-001 OK + GPS coché | H58: input_gps_piexif/ | I58: Coordonnées correctement extraites, organisées par lieu | J58: run_tests.py : 0 erreur ; références conformes | K58: OK | L58: Majeur | M58: Claude (campagne auto) | N58: 2026-06-12
A59: T-058 | B59: Entrées | C59: REQ-ENT-08 | D59: input_pairs RAW+JPEG | E59: 10 paires .CR2 + .JPG même stem | F59: Auto | G59: T-001 OK + keep_pairs ON | H59: input_pairs/ | I59: Pairs co-localisées dans même dossier dest | J59: run_tests.py : 0 erreur ; références conformes | K59: OK | L59: Mineur | M59: Claude (campagne auto) | N59: 2026-06-12
A60: T-059 | B60: Entrées | C60: REQ-ENT-09 | D60: input_bursts 5 photos < 3s | E60: 5 photos timestamps espacés de 1s | F60: Auto | G60: T-001 OK + detect_bursts ON | H60: input_bursts/ | I60: Sous-dossier Burst_01/ avec 5 fichiers | J60: run_tests.py : 0 erreur ; références conformes | K60: OK | L60: Mineur | M60: Claude (campagne auto) | N60: 2026-06-12
A61: T-060 | B61: Entrées | C61: REQ-ENT-10 | D61: input_pas_exif | E61: 3 photos sans aucune métadonnée EXIF | F61: Auto | G61: T-001 OK + date critère | H61: input_pas_exif/ | I61: Tous classés dans dossier 'Sans date' | J61: run_tests.py : 0 erreur ; références conformes | K61: OK | L61: Majeur | M61: Claude (campagne auto) | N61: 2026-06-12
A62: T-061 | B62: Entrées | C62: REQ-ENT-11 | D62: input_doublons 10 paires | E62: 20 photos dont 10 doublons exacts | F62: Manuel | G62: T-001 OK | H62: input_doublons/ | I62: DRY_RUN détecte 10 groupes de 2 | K62: À faire | L62: Bloquant
A63: T-062 | B63: Entrées | C63: REQ-ENT-12 | D63: input HEIC iPhone | E63: Photo HEIC avec EXIF | F63: Manuel | G63: pillow_heif installé | H63: input_heic/ | I63: Lue, organisée, métadonnées extraites | K63: À faire | L63: Majeur
A64: T-063 | B64: Entrées | C64: REQ-ENT-13 | D64: input vidéo MP4 avec date | E64: 1 vidéo MP4 avec CreationTime EXIF | F64: Manuel | G64: include_videos ON | H64: input_video/ | I64: Organisée par date comme une photo | K64: À faire | L64: Mineur
A65: T-064 | B65: Entrées | C65: REQ-ENT-14 | D65: input_limite_haute 100 Mo | E65: 1 fichier RAW de 100 Mo | F65: Manuel | G65: T-001 OK | H65: input_limite_haute/ | I65: Traité sans timeout, log temps de copie | K65: À faire | L65: Mineur
A66: T-065 | B66: Entrées | C66: REQ-ENT-15 | D66: input_limite_basse 1 Ko | E66: 1 photo de < 1 Ko (vignette) | F66: Manuel | G66: filter_size_min OFF | H66: input_limite_basse/ | I66: Traitée comme une photo normale | K66: À faire | L66: Cosmétique
A67: T-066 | B67: Sorties | C67: REQ-SOR-01 | D67: Arbo year/month/day | E67: Format date par défaut sur nominal | F67: Auto | G67: T-001 OK | H67: input_nominal/ | I67: Structure dest/YYYY/MM/YYYY_MM_DD/*.jpg | J67: run_tests.py : 0 erreur ; références conformes | K67: OK | L67: Bloquant | M67: Claude (campagne auto) | N67: 2026-06-12
A68: T-067 | B68: Sorties | C68: REQ-SOR-02 | D68: Arbo year/month | E68: Format year/month | F68: Manuel | G68: T-066 OK | H68: input_nominal/ | I68: Structure dest/YYYY/YYYY_MM/*.jpg | K68: À faire | L68: Mineur
A69: T-068 | B69: Sorties | C69: REQ-SOR-03 | D69: Arbo multilayer date+camera | E69: Date+Camera multilayer | F69: Auto | G69: T-014 OK | H69: input_nominal/ | I69: dest/YYYY/MM/.../CameraModel/*.jpg | J69: run_tests.py : 0 erreur ; références conformes | K69: OK | L69: Majeur | M69: Claude (campagne auto) | N69: 2026-06-12
A70: T-069 | B70: Sorties | C70: REQ-SOR-04 | D70: Index CSV généré | E70: Cocher Index CSV | F70: Auto | G70: T-001 OK | H70: input_nominal/ | I70: dest/_photoorganizer_index_*.csv, colonnes valides | J70: run_tests.py : 0 erreur ; références conformes | K70: OK | L70: Majeur | M70: Claude (campagne auto) | N70: 2026-06-12
A71: T-070 | B71: Sorties | C71: REQ-SOR-05 | D71: Index JSON valide | E71: Cocher Index JSON | F71: Auto | G71: T-001 OK | H71: input_nominal/ | I71: Fichier JSON valide ; nombre d'enregistrements == nombre de fichiers traités | J71: run_tests.py : 0 erreur ; références conformes | K71: OK | L71: Majeur | M71: Claude (campagne auto) | N71: 2026-06-12
A72: T-071 | B72: Sorties | C72: REQ-SOR-06 | D72: Rapport Doublons TXT | E72: Mode DRY_RUN + case TXT | F72: Manuel | G72: T-001 OK | H72: input_doublons/ | I72: duplicates_report_*.txt généré et lisible | K72: À faire | L72: Mineur
A73: T-072 | B73: Sorties | C73: REQ-SOR-07 | D73: Rapport Doublons CSV | E73: Mode DRY_RUN + case CSV | F73: Manuel | G73: T-001 OK | H73: input_doublons/ | I73: CSV exploitable Excel | K73: À faire | L73: Mineur
A74: T-073 | B74: Sorties | C74: REQ-SOR-08 | D74: Rapport Doublons JSON | E74: Mode DRY_RUN + case JSON | F74: Manuel | G74: T-001 OK | H74: input_doublons/ | I74: JSON structuré (groups, decisions, …) | K74: À faire | L74: Mineur
A75: T-074 | B75: Sorties | C75: REQ-SOR-09 | D75: Renommage template {date}_{counter} | E75: Template '{date:%Y%m%d}_{counter:04d}' | F75: Auto | G75: T-001 OK | H75: input_nominal/ | I75: Fichiers : 20260507_0001.jpg, 20260507_0002.jpg, … | J75: run_tests.py : 0 erreur ; références conformes | K75: OK | L75: Majeur | M75: Claude (campagne auto) | N75: 2026-06-12
A76: T-075 | B76: Sorties | C76: REQ-SOR-10 | D76: Renommage tokens manquants fallback | E76: Template avec {camera} sur photo sans EXIF | F76: Manuel | G76: T-001 OK | H76: input_pas_exif/ | I76: Fallback 'unknown' au lieu de crash | K76: À faire | L76: Mineur
A77: T-076 | B77: Sorties | C77: REQ-SOR-11 | D77: Burst sous-dossier Burst_NN | E77: detect_bursts ON, 5 photos < 3s | F77: Auto | G77: T-001 OK | H77: input_bursts/ | I77: Sous-dossier Burst_01/ contient les 5 | J77: run_tests.py : 0 erreur ; références conformes | K77: OK | L77: Mineur | M77: Claude (campagne auto) | N77: 2026-06-12
A78: T-077 | B78: Sorties | C78: REQ-SOR-12 | D78: Cleanup post-MOVE empty source dirs | E78: MOVE + cleanup ON | F78: Manuel | G78: T-001 OK | H78: input_nominal/ | I78: Sous-dossiers source vides supprimés à la fin | K78: À faire | L78: Mineur
A79: T-078 | B79: Sorties | C79: REQ-SOR-13 | D79: Index incrémental persisté | E79: Mode incrémental ON, 2 runs | F79: Manuel | G79: T-001 OK | H79: input_nominal/ | I79: dest/.photoorganizer_index.json créé et enrichi | K79: À faire | L79: Majeur
A80: T-079 | B80: Sorties | C80: REQ-SOR-14 | D80: Sans date → dossier 'Sans date' | E80: Date critère + photo sans EXIF | F80: Auto | G80: T-001 OK | H80: input_pas_exif/ | I80: Photos placées dans dest/Sans date/ | J80: run_tests.py : 0 erreur ; références conformes | K80: OK | L80: Mineur | M80: Claude (campagne auto) | N80: 2026-06-12
A81: T-080 | B81: Sorties | C81: REQ-SOR-15 | D81: GPS sans nom → Lat_x_Lon_y | E81: Géocodage off + GPS critère | F81: Manuel | G81: T-001 OK | H81: input_gps_piexif/ | I81: Sous-dossiers Lat_48.85_Lon_2.35 | K81: À faire | L81: Mineur
A82: T-081 | B82: Cas limites | C82: REQ-LIM-01 | D82: Source = destination | E82: Choisir le même dossier en source et dest | F82: Manuel | G82: T-001 OK | H82: input_nominal/ | I82: Refus avec message d'erreur explicite ou fonctionnement safe | K82: À faire | L82: Majeur
A83: T-082 | B83: Cas limites | C83: REQ-LIM-02 | D83: Destination read-only | E83: Dest avec droits 'Lecture seule' | F83: Manuel | G83: T-001 OK | H83: input_nominal/ | I83: Erreur OS catchée, message clair | K83: À faire | L83: Majeur
A84: T-083 | B84: Cas limites | C84: REQ-LIM-03 | D84: Espace disque insuffisant | E84: Option « Valider espace disque » activée, destination pleine | F84: Manuel | G84: T-001 OK | H84: input_volumineux/ | I84: Fenêtre d'avertissement avec choix Continuer/Annuler | K84: À faire | L84: Majeur
A85: T-084 | B85: Cas limites | C85: REQ-LIM-04 | D85: Chemin avec espaces + UTF-8 | E85: Source = 'D:\Photos été 2024\été #' | F85: Manuel | G85: T-001 OK | H85: input_nominal/ | I85: Organisation OK, pas de crash | K85: À faire | L85: Majeur
A86: T-085 | B86: Cas limites | C86: REQ-LIM-05 | D86: Fichier déjà existant — ignorer si identique | E86: Relancer l'organisation à l'identique avec « ignorer si identique » coché | F86: Manuel | G86: T-001 OK | H86: input_nominal/ | I86: 2e passage : 0 fichier traité, N fichiers ignorés | K86: À faire | L86: Mineur
A87: T-086 | B87: Cas limites | C87: REQ-LIM-06 | D87: Trash re-scan exclu | E87: Mode TRASH puis re-list source | F87: Manuel | G87: T-001 OK | H87: input_doublons/ | I87: $Recycle.Bin / .Trash-* exclus du scan | K87: À faire | L87: Majeur
A88: T-087 | B88: Cas limites | C88: REQ-LIM-07 | D88: Multi-source déduplication | E88: source1;source1 (même chemin 2 fois) | F88: Manuel | G88: T-001 OK | H88: input_nominal/ | I88: Fichiers dédupliqués via normcase+abspath | K88: À faire | L88: Mineur
A89: T-088 | B89: Cas limites | C89: REQ-LIM-08 | D89: Template tokens sur photo sans date | E89: Template {date:%Y%m%d}_{original} | F89: Manuel | G89: T-001 OK | H89: input_pas_exif/ | I89: Token date remplacé par 'unknown' | K89: À faire | L89: Mineur
A90: T-089 | B90: Cas limites | C90: REQ-LIM-09 | D90: auto_rename collisions | E90: Re-run avec auto_rename ON | F90: Manuel | G90: T-001 OK | H90: input_nominal/ | I90: Fichiers renommés _1, _2, _3 sans crash | K90: À faire | L90: Majeur
A91: T-090 | B91: Cas limites | C91: REQ-LIM-10 | D91: Date filtre exclut tout | E91: date_min = 2099-01-01 | F91: Manuel | G91: T-001 OK | H91: input_nominal/ | I91: 0 fichier éligible, message clair | K91: À faire | L91: Mineur
A92: T-091 | B92: Cas limites | C92: REQ-LIM-11 | D92: Filtre rating exclut tout | E92: rating_min = 5, aucune photo notée | F92: Manuel | G92: T-001 OK | H92: input_nominal/ | I92: 0 fichier éligible | K92: À faire | L92: Mineur
... A114: T-113 | B114: Performance | C114: REQ-PRF-08 | D114: RAM pic 1000 photos | E114: Organisation 1000 photos | F114: Manuel | G114: T-001 OK | H114: input_volumineux/ | I114: RAM pic < 500 MB | K114: À faire | L114: Mineur
A115: T-114 | B115: Performance | C115: REQ-PRF-09 | D115: Cache hit rate | E115: Re-scan après cache plein | F115: Auto | G115: Cache enabled | H115: input_nominal/ | I115: Hit rate > 95% sur 2e scan | J115: pytest vert (campagne 217 passed) | K115: OK | L115: Mineur | M115: Claude (campagne auto) | N115: 2026-06-12
A116: T-115 | B116: Performance | C116: REQ-PRF-10 | D116: Benchmark list_files pytest | E116: pytest tests/perf/test_perf.py | F116: Manuel | G116: Tests OK | H116: 1000 fichiers générés | I116: Médiane < 150 ms (cf. perf baseline) | K116: À faire | L116: Mineur
A117: T-116 | B117: Robustesse | C117: REQ-ROB-01 | D117: Cliquer Annuler 100× sans op | E117: Spam le bouton Annuler | F117: Manuel | G117: T-001 OK | H117: — | I117: Pas de NPE, état stable, pas de fuite | K117: À faire | L117: Majeur
A118: T-117 | B118: Robustesse | C118: REQ-ROB-02 | D118: Double-clic Organiser | E118: Double-clic rapide sur 🚀 Organiser | F118: Manuel | G118: T-001 OK | H118: input_nominal/ | I118: Une seule exécution lancée | K118: À faire | L118: Majeur
A119: T-118 | B119: Robustesse | C119: REQ-ROB-03 | D119: Fermeture pendant op | E119: Alt+F4 pendant scan | F119: Manuel | G119: T-001 OK | H119: input_volumineux/ | I119: Cleanup propre, aucun fichier verrouillé | K119: À faire | L119: Majeur
A120: T-119 | B120: Robustesse | C120: REQ-ROB-04 | D120: Source supprimée pendant op | E120: Supprimer source dans Explorer | F120: Manuel | G120: T-001 OK | H120: input_nominal/ | I120: Erreurs catchées par fichier, total cohérent | K120: À faire | L120: Majeur
A121: T-120 | B121: Robustesse | C121: REQ-ROB-05 | D121: Bouton Avancé — clics répétés 50× | E121: Cliquer le bouton 50 fois rapidement | F121: Manuel | G121: T-001 OK | H121: — | I121: Pas de fuite mémoire, état final stable | K121: À faire | L121: Mineur
A122: T-121 | B122: Robustesse | C122: REQ-ROB-06 | D122: Hors-ligne géocodage | E122: Internet OFF + GPS + géocodage | F122: Manuel | G122: T-001 OK | H122: input_gps_piexif/ | I122: Fallback Lat_x_Lon_y, log debug | K122: À faire | L122: Majeur
A123: T-122 | B123: Robustesse | C123: REQ-ROB-07 | D123: Preset YAML corrompu | E123: Charger preset YAML invalide | F123: Manuel | G123: T-001 OK | H123: preset_corrompu.yaml | I123: Messagebox erreur, app continue | K123: À faire | L123: Mineur
A124: T-123 | B124: Robustesse | C124: REQ-ROB-08 | D124: Cache SQLite corrompu | E124: Modifier manuellement le .db | F124: Manuel | G124: Cache enabled | H124: Cache corrompu | I124: Cache recréé silencieusement | K124: À faire | L124: Mineur
A125: T-124 | B125: Robustesse | C125: REQ-ROB-09 | D125: Drag & drop fichier (pas dossier) | E125: Glisser .jpg sur Source | F125: Manuel | G125: tkinterdnd2 OK | H125: — | I125: Refus silencieux | K125: À faire | L125: Mineur
A126: T-125 | B126: Robustesse | C126: REQ-ROB-10 | D126: Drag & drop multi-fichiers | E126: Glisser 2 dossiers d'un coup | F126: Manuel | G126: tkinterdnd2 OK | H126: input_nominal/ + input_pairs/ | I126: Champ Source rempli avec p1;p2 | K126: À faire | L126: Mineur
A127: T-126 | B127: Robustesse | C127: REQ-ROB-11 | D127: Très long template | E127: Saisir template de 200 chars | F127: Manuel | G127: T-001 OK | H127: input_nominal/ | I127: Template tronqué ou rendu sans crash, fichiers OK | K127: À faire | L127: Mineur
... A176: T-175 | B176: Régression | C176: REQ-REG-17 | D176: Pas de Toplevel sur panneau Filtres | E176: Cliquer le bouton 💡 de l'onglet Filtrer et compter les nouvelles fenêtres | F176: Manuel | G176: T-001 OK | H176: — | I176: count_toplevels(app) invariant avant/après le clic (mémo utilisateur : « pas de nouvelles fenêtres dans Organisation ») | K176: À faire | L176: Majeur
A177: T-176 | B177: Robustesse | C177: REQ-ROB-21 | D177: Quarantaine : déplacement vers session_dir | E177: Appeler QuarantineManager.quarantine_file sur un fichier | F177: Auto | G177: T-001 OK | H177: Fichier source existant | I177: Le fichier disparaît de la source et apparaît dans <root>/<session_id>/<hash>_<nom> | J177: pytest vert (campagne 217 passed) | K177: OK | L177: Majeur | M177: Claude (campagne auto) | N177: 2026-06-12
A178: T-177 | B178: Robustesse | C178: REQ-ROB-22 | D178: Quarantaine : manifest JSON persistant | E178: Vérifier <session_dir>/manifest.json après chaque opération | F178: Auto | G178: T-176 OK | H178: — | I178: manifest.json existe, contient session_id + entries avec source/destination/timestamp | J178: pytest vert (campagne 217 passed) | K178: OK | L178: Majeur | M178: Claude (campagne auto) | N178: 2026-06-12
A179: T-178 | B179: Robustesse | C179: REQ-ROB-23 | D179: Quarantaine : pas de collision de noms | E179: Quarantiner 2 fichiers de même nom dans dossiers différents | F179: Auto | G179: T-176 OK | H179: — | I179: Les 2 fichiers coexistent en quarantaine (préfixes de hash différents) | J179: pytest vert (campagne 217 passed) | K179: OK | L179: Majeur | M179: Claude (campagne auto) | N179: 2026-06-12
A180: T-179 | B180: Cas limites | C180: REQ-LIM-26 | D180: Quarantaine : fichier source absent | E180: Appeler quarantine_file sur un chemin inexistant | F180: Auto | G180: T-001 OK | H180: — | I180: FileNotFoundError levée immédiatement avec message clair | J180: pytest vert (campagne 217 passed) | K180: OK | L180: Mineur | M180: Claude (campagne auto) | N180: 2026-06-12
A181: T-180 | B181: Robustesse | C181: REQ-ROB-24 | D181: Restauration : fichier remis à la source | E181: Quarantiner puis restore_entry du même fichier | F181: Auto | G181: T-176 OK | H181: — | I181: Fichier réapparu à son chemin d'origine, entrée disparue du manifest | J181: pytest vert (campagne 217 passed) | K181: OK | L181: Majeur | M181: Claude (campagne auto) | N181: 2026-06-12
A182: T-181 | B182: Cas limites | C182: REQ-LIM-27 | D182: Restauration : dossier source supprimé | E182: Quarantiner, puis supprimer le dossier source, puis restore_entry | F182: Auto | G182: T-180 OK | H182: — | I182: Le dossier source est recréé, le fichier est restauré dedans | J182: pytest vert (campagne 217 passed) | K182: OK | L182: Majeur | M182: Claude (campagne auto) | N182: 2026-06-12
A183: T-182 | B183: Cas limites | C183: REQ-LIM-28 | D183: Restauration : nom déjà repris à la source | E183: Quarantiner, recréer un fichier au même nom à la source, restaurer | F183: Auto | G183: T-180 OK | H183: — | I183: Le restauré est suffixé « _restored1 », l'existant n'est pas écrasé | J183: pytest vert (campagne 217 passed) | K183: OK | L183: Majeur | M183: Claude (campagne auto) | N183: 2026-06-12
A184: T-183 | B184: Sorties | C184: REQ-SOR-16 | D184: Vider quarantaine → corbeille système | E184: Appeler empty_to_system_trash sur 3 fichiers en quarantaine | F184: Auto | G184: T-176 OK | H184: send2trash dispo | I184: result['trashed'] == 3, manifest vidé, dossier session_dir nettoyé | J184: pytest vert (campagne 217 passed) | K184: OK | L184: Majeur | M184: Claude (campagne auto) | N184: 2026-06-12
A185: T-184 | B185: Robustesse | C185: REQ-ROB-25 | D185: Persistance : rechargement manifest | E185: Créer quarantaine, créer une nouvelle instance via load_session | F185: Auto | G185: T-177 OK | H185: — | I185: load_session restitue toutes les entrées avec leurs métadonnées | J185: pytest vert (campagne 217 passed) | K185: OK | L185: Majeur | M185: Claude (campagne auto) | N185: 2026-06-12
A186: T-185 | B186: Régression | C186: REQ-REG-18 | D186: FileManager.record_operation enregistre 'trash' | E186: Appeler record_operation(operation_type='trash', ...) puis vérifier l'historique | F186: Auto | G186: T-001 OK | H186: — | I186: L'opération apparaît dans get_operations_history() avec op_type 'trash' | J186: pytest vert (campagne 217 passed) | K186: OK | L186: Majeur | M186: Claude (campagne auto) | N186: 2026-06-12
A187: T-186 | B187: Régression | C187: REQ-REG-19 | D187: rollback_last sur 'trash' restaure le fichier | E187: Quarantiner + record_operation + rollback_last | F187: Auto | G187: T-185 OK | H187: — | I187: Retourne True, fichier remis à la source, historique vidé | J187: pytest vert (campagne 217 passed) | K187: OK | L187: Majeur | M187: Claude (campagne auto) | N187: 2026-06-12
A188: T-187 | B188: Régression | C188: REQ-REG-20 | D188: rollback_all : trash récupéré, delete skipped | E188: Quarantine + record trash + delete réel + record delete, puis rollback_all | F188: Auto | G188: T-185 OK | H188: — | I188: result['success']==1 (trash), result['skipped']==1 (delete définitif), failed==0 | J188: pytest vert (campagne 217 passed) | K188: OK | L188: Majeur | M188: Claude (campagne auto) | N188: 2026-06-12
A189: T-188 | B189: IHM | C189: REQ-IHM-43 | D189: Bouton 🗑 Vider quarantaine présent | E189: Vérifier la présence du bouton dans le panneau bas de l'onglet Doublons | F189: Manuel | G189: T-001 OK | H189: — | I189: empty_quarantine_button existe, état initial = disabled (0 fichiers), libellé '🗑 Vider quarantaine (0)' | K189: À faire | L189: Majeur
A190: T-189 | B190: IHM | C190: REQ-IHM-44 | D190: DuplicateManager expose l'API quarantaine | E190: Inspecter dm.empty_quarantine / quarantine_count / quarantine_size_bytes | F190: Auto | G190: T-001 OK | H190: — | I190: Les 3 méthodes sont callables, instance vide retourne 0/0 | J190: pytest vert (campagne 217 passed) | K190: OK | L190: Cosmétique | M190: Claude (campagne auto) | N190: 2026-06-12
A191: T-190 | B191: Régression | C191: REQ-REG-21 | D191: Compteur trial : état initial | E191: Premier lancement (usage.dat absent) : compteur = 0, 10 tris disponibles, pas de warning | F191: Auto | G191: — | H191: LOCALAPPDATA vierge (fixture isolée) | I191: trial_count=0, trial_remaining=10, is_blocked=False, should_warn=False | J191: pytest vert (campagne 217 passed) | K191: OK | L191: Bloquant | M191: Claude (campagne auto) | N191: 2026-06-12
A192: T-191 | B192: Régression | C192: REQ-REG-22 | D192: Incrément du compteur après tri réussi | E192: record_successful_organize() après un tri : +1 ; jamais au simple clic ni après annulation | F192: Auto | G192: T-190 OK | H192: — | I192: count passe de 0 à 1 ; un crash ou une annulation ne consomme pas d'essai | J192: pytest vert (campagne 217 passed) | K192: OK | L192: Bloquant | M192: Claude (campagne auto) | N192: 2026-06-12
A193: T-192 | B193: Cas limites | C193: REQ-LIM-29 | D193: 10e tri autorisé, 11e bloqué | E193: Consommer 9 tris puis vérifier can_organize_now ; consommer le 10e puis re-vérifier | F193: Auto | G193: T-190 OK | H193: — | I193: 10e tri allowed=True ; après le 10e : is_blocked=True, allowed=False | J193: pytest vert (campagne 217 passed) | K193: OK | L193: Bloquant | M193: Claude (campagne auto) | N193: 2026-06-12
A194: T-193 | B194: Régression | C194: REQ-REG-23 | D194: Warnings aux seuils 8 et 9 | E194: should_warn vrai uniquement à count=8 et count=9 (avant-dernier / dernier tri gratuit) | F194: Auto | G194: T-190 OK | H194: — | I194: should_warn False à 7, True à 8 et 9, False à 10 (bloqué) | J194: pytest vert (campagne 217 passed) | K194: OK | L194: Majeur | M194: Claude (campagne auto) | N194: 2026-06-12
A195: T-194 | B195: Robustesse | C195: REQ-ROB-26 | D195: Anti-tampering usage.dat | E195: Modifier count à la main dans usage.dat sans recalculer la signature HMAC | F195: Auto | G195: T-191 OK | H195: usage.dat falsifié | I195: HMAC mismatch détecté → compteur reset à 0 (silencieux, loggé warning) | J195: pytest vert (campagne 217 passed) | K195: OK | L195: Majeur | M195: Claude (campagne auto) | N195: 2026-06-12
A196: T-195 | B196: Régression | C196: REQ-REG-24 | D196: Activation clé valide → illimité | E196: activate_key(clé LIFE signée) après 5 tris consommés | F196: Auto | G196: T-190 OK | H196: Clé HMAC valide | I196: has_valid_license=True, can_organize_now=True quel que soit le compteur, email exposé | J196: pytest vert (campagne 217 passed) | K196: OK | L196: Bloquant | M196: Claude (campagne auto) | N196: 2026-06-12
A197: T-196 | B197: Robustesse | C197: REQ-ROB-27 | D197: Machine binding : clé refusée sur autre PC | E197: Activer sur machine A (fingerprint a*64) puis recharger l'état avec fingerprint b*64 | F197: Auto | G197: T-195 OK | H197: license.dat bound machine A | I197: has_valid_license=False sur machine B (binding vérifié à chaque load) | J197: pytest vert (campagne 217 passed) | K197: OK | L197: Majeur | M197: Claude (campagne auto) | N197: 2026-06-12
A198: T-197 | B198: Robustesse | C198: REQ-ROB-28 | D198: Licence re-validée au relancement | E198: Activer puis simuler un redémarrage de l'app (re-lecture license.dat, même machine) | F198: Auto | G198: T-195 OK | H198: — | I198: has_valid_license=True, email conservé | J198: pytest vert (campagne 217 passed) | K198: OK | L198: Majeur | M198: Claude (campagne auto) | N198: 2026-06-12
A199: T-198 | B199: Robustesse | C199: REQ-ROB-29 | D199: Clé malformée rejetée | E199: activate_key('not a real key') après 3 tris | F199: Auto | G199: T-190 OK | H199: Chaîne arbitraire | I199: LicenseInvalidError levée, compteur intact (toujours 3) | J199: pytest vert (campagne 217 passed) | K199: OK | L199: Majeur | M199: Claude (campagne auto) | N199: 2026-06-12
A200: T-199 | B200: Robustesse | C200: REQ-ROB-30 | D200: Clé expirée rejetée | E200: activate_key(clé signée mais date d'expiration passée) | F200: Auto | G200: T-190 OK | H200: Clé expirée (exp = hier) | I200: LicenseExpiredError levée, pas d'activation | J200: pytest vert (campagne 217 passed) | K200: OK | L200: Majeur | M200: Claude (campagne auto) | N200: 2026-06-12
A201: T-200 | B201: IHM | C201: REQ-IHM-45 | D201: Badge licence dans le header | E201: Texte du badge selon l'état : essai / limite / activée | F201: Auto | G201: T-001 OK | H201: — | I201: « Essai N/10 » (gris, orange si N≥8) / « Limite atteinte · Activer » (rouge) / « Activée · MAC-XXXX-XXXX » (vert) | J201: pytest vert (campagne 217 passed) | K201: OK | L201: Majeur | M201: Claude (campagne auto) | N201: 2026-06-12
... A208: T-207 | B208: Régression | C208: REQ-REG-29 | D208: Version unique (B-10) | E208: PhotoOrganizerApp.APP_VERSION == src.__version__ (plus de hardcode divergent) | F208: Auto | G208: — | H208: — | I208: Égalité stricte avec la source de vérité src/__init__.py | J208: pytest vert (campagne 217 passed) | K208: OK | L208: Mineur | M208: Claude (campagne auto) | N208: 2026-06-12
A209: T-208 | B209: IHM | C209: REQ-IHM-48 | D209: Aperçu dry-run : critère lieu + non-bloquant (B-06/B-07) | E209: Cocher « Par localisation GPS » puis 👁 Aperçu sur input_gps_piexif | F209: Manuel | G209: T-001 OK | H209: input_gps_piexif/ | I209: Arborescence montre Lat_x_Lon_y / « Sans localisation GPS » ; UI reste réactive pendant le calcul (worker) | K209: À faire | L209: Mineur
A210: T-209 | B210: IHM | C210: REQ-IHM-49 | D210: Libellé « Quarantaine » dans l'Historique (B-08) | E210: Mettre un doublon en quarantaine puis ouvrir l'onglet Historique | F210: Manuel | G210: T-176 OK | H210: input_doublons/ | I210: L'opération s'affiche « Quarantaine » (plus le type brut 'trash') | K210: À faire | L210: Cosmétique
A211: T-210 | B211: Régression | C211: REQ-REG-30 | D211: Références déterministes (ANO-Q1) | E211: compare_outputs.py : T-079 reproductible (mtime des fixtures sans EXIF figé au 2026-05-11) | F211: Auto | G211: Inputs générés | H211: input_pas_exif/ | I211: 9/9 références conformes, indépendant de la date de régénération des inputs | J211: compare_outputs.py : 9/9 OK (mtime fixtures figé) | K211: OK | L211: Majeur | M211: Claude (campagne auto) | N211: 2026-06-12

Sheet Synthèse
A1: Synthèse des tests — PhotoOrganizer 2.3.0.dev0 (campagne 2026-06-12 : pivot trial+unlock + audit lots A-F)
A3: Catégorie | B3: Total | C3: OK | D3: NOK | E3: NA | F3: À faire | G3: Taux OK (%)
A4: IHM | B4: =COUNTIF(Tests!B:B,A4) | C4: =COUNTIFS(Tests!B:B,A4,Tests!K:K,"OK") | D4: =COUNTIFS(Tests!B:B,A4,Tests!K:K,"NOK") | E4: =COUNTIFS(Tests!B:B,A4,Tests!K:K,"NA") | F4: =COUNTIFS(Tests!B:B,A4,Tests!K:K,"À faire") | G4: =IF(B4=0,"-",ROUND(C4/B4*100,1))
A5: Paramètres | B5: =COUNTIF(Tests!B:B,A5) | C5: =COUNTIFS(Tests!B:B,A5,Tests!K:K,"OK") | D5: =COUNTIFS(Tests!B:B,A5,Tests!K:K,"NOK") | E5: =COUNTIFS(Tests!B:B,A5,Tests!K:K,"NA") | F5: =COUNTIFS(Tests!B:B,A5,Tests!K:K,"À faire") | G5: =IF(B5=0,"-",ROUND(C5/B5*100,1))
A6: Entrées | B6: =COUNTIF(Tests!B:B,A6) | C6: =COUNTIFS(Tests!B:B,A6,Tests!K:K,"OK") | D6: =COUNTIFS(Tests!B:B,A6,Tests!K:K,"NOK") | E6: =COUNTIFS(Tests!B:B,A6,Tests!K:K,"NA") | F6: =COUNTIFS(Tests!B:B,A6,Tests!K:K,"À faire") | G6: =IF(B6=0,"-",ROUND(C6/B6*100,1))
A7: Sorties | B7: =COUNTIF(Tests!B:B,A7) | C7: =COUNTIFS(Tests!B:B,A7,Tests!K:K,"OK") | D7: =COUNTIFS(Tests!B:B,A7,Tests!K:K,"NOK") | E7: =COUNTIFS(Tests!B:B,A7,Tests!K:K,"NA") | F7: =COUNTIFS(Tests!B:B,A7,Tests!K:K,"À faire") | G7: =IF(B7=0,"-",ROUND(C7/B7*100,1))
A8: Cas limites | B8: =COUNTIF(Tests!B:B,A8) | C8: =COUNTIFS(Tests!B:B,A8,Tests!K:K,"OK") | D8: =COUNTIFS(Tests!B:B,A8,Tests!K:K,"NOK") | E8: =COUNTIFS(Tests!B:B,A8,Tests!K:K,"NA") | F8: =COUNTIFS(Tests!B:B,A8,Tests!K:K,"À faire") | G8: =IF(B8=0,"-",ROUND(C8/B8*100,1))
A9: Performance | B9: =COUNTIF(Tests!B:B,A9) | C9: =COUNTIFS(Tests!B:B,A9,Tests!K:K,"OK") | D9: =COUNTIFS(Tests!B:B,A9,Tests!K:K,"NOK") | E9: =COUNTIFS(Tests!B:B,A9,Tests!K:K,"NA") | F9: =COUNTIFS(Tests!B:B,A9,Tests!K:K,"À faire") | G9: =IF(B9=0,"-",ROUND(C9/B9*100,1))
A10: Robustesse | B10: =COUNTIF(Tests!B:B,A10) | C10: =COUNTIFS(Tests!B:B,A10,Tests!K:K,"OK") | D10: =COUNTIFS(Tests!B:B,A10,Tests!K:K,"NOK") | E10: =COUNTIFS(Tests!B:B,A10,Tests!K:K,"NA") | F10: =COUNTIFS(Tests!B:B,A10,Tests!K:K,"À faire") | G10: =IF(B10=0,"-",ROUND(C10/B10*100,1))
A11: Régression | B11: =COUNTIF(Tests!B:B,A11) | C11: =COUNTIFS(Tests!B:B,A11,Tests!K:K,"OK") | D11: =COUNTIFS(Tests!B:B,A11,Tests!K:K,"NOK") | E11: =COUNTIFS(Tests!B:B,A11,Tests!K:K,"NA") | F11: =COUNTIFS(Tests!B:B,A11,Tests!K:K,"À faire") | G11: =IF(B11=0,"-",ROUND(C11/B11*100,1))
A12: TOTAL | B12: =SUM(B4:B11) | C12: =SUM(C4:C11) | D12: =SUM(D4:D11) | E12: =SUM(E4:E11) | F12: =SUM(F4:F11) | G12: =IF(B12=0,"-",ROUND(C12/B12*100,1))
A15: Sévérité | B15: Total | C15: OK | D15: NOK
A16: Bloquant | B16: =COUNTIF(Tests!L:L,A16) | C16: =COUNTIFS(Tests!L:L,A16,Tests!K:K,"OK") | D16: =COUNTIFS(Tests!L:L,A16,Tests!K:K,"NOK")
A17: Majeur | B17: =COUNTIF(Tests!L:L,A17) | C17: =COUNTIFS(Tests!L:L,A17,Tests!K:K,"OK") | D17: =COUNTIFS(Tests!L:L,A17,Tests!K:K,"NOK")
A18: Mineur | B18: =COUNTIF(Tests!L:L,A18) | C18: =COUNTIFS(Tests!L:L,A18,Tests!K:K,"OK") | D18: =COUNTIFS(Tests!L:L,A18,Tests!K:K,"NOK")
A19: Cosmétique | B19: =COUNTIF(Tests!L:L,A19) | C19: =COUNTIFS(Tests!L:L,A19,Tests!K:K,"OK") | D19: =COUNTIFS(Tests!L:L,A19,Tests!K:K,"NOK")
A22: Mode | B22: Total | C22: OK | D22: NOK | E22: À faire | F22: Taux OK (%)
A23: Auto | B23: =COUNTIF(Tests!F:F,A23) | C23: =COUNTIFS(Tests!F:F,A23,Tests!K:K,"OK") | D23: =COUNTIFS(Tests!F:F,A23,Tests!K:K,"NOK") | E23: =COUNTIFS(Tests!F:F,A23,Tests!K:K,"À faire") | F23: =IF(B23=0,"-",ROUND(C23/B23*100,1))
A24: Manuel | B24: =COUNTIF(Tests!F:F,A24) | C24: =COUNTIFS(Tests!F:F,A24,Tests!K:K,"OK") | D24: =COUNTIFS(Tests!F:F,A24,Tests!K:K,"NOK") | E24: =COUNTIFS(Tests!F:F,A24,Tests!K:K,"À faire") | F24: =IF(B24=0,"-",ROUND(C24/B24*100,1))

Sheet Exigences
A1: Référentiel d'exigences fonctionnelles
A3: ID Exigence | B3: Catégorie | C3: Tests couvrants
A4: REQ-ENT-01 | B4: Entrées | C4: T-051
A5: REQ-ENT-02 | B5: Entrées | C5: T-052
A6: REQ-ENT-03 | B6: Entrées | C6: T-053
A7: REQ-ENT-04 | B7: Entrées | C7: T-054
A8: REQ-ENT-05 | B8: Entrées | C8: T-055
A9: REQ-ENT-06 | B9: Entrées | C9: T-056
A10: REQ-ENT-07 | B10: Entrées | C10: T-057
A11: REQ-ENT-08 | B11: Entrées | C11: T-058
A12: REQ-ENT-09 | B12: Entrées | C12: T-059
A13: REQ-ENT-10 | B13: Entrées | C13: T-060
A14: REQ-ENT-11 | B14: Entrées | C14: T-061
... A213: REQ-SOR-16 | B213: Sorties | C213: T-183

Sheet Légende
A1: Légende de la matrice
A3: Statut | B3: Description
A4: OK | B4: Test exécuté et conforme au résultat attendu
A5: NOK | B5: Test exécuté, résultat non conforme
A6: NA | B6: Non applicable (feature désactivée, dépendance absente, etc.)
A7: À faire | B7: Test pas encore exécuté (état initial)
A9: Sévérité | B9: Description
A10: Bloquant | B10: Empêche l'utilisation de la fonctionnalité ou de l'outil entier
A11: Majeur | B11: Dysfonctionnement important mais contournement possible
A12: Mineur | B12: Anomalie sans impact significatif sur l'usage
A13: Cosmétique | B13: Imperfection visuelle ou rédactionnelle
A15: Catégorie | B15: Périmètre
A16: IHM | B16: Comportement visuel et interactions widgets
... A27: Manuel | B27: Validation humaine via validation_ihm.html (rendu visuel, ergonomie, conditions réelles)
